{
  "country": "albania",
  "data": {
    "eco_data": {
      "Mediterranean Forests, Woodlands & Scrub": 0.9128963766241808,
      "Temperate Broadleaf & Mixed Forests": 0.08710362337581931
    },
    "adm0_code": 3,
    "total_area": 28643895273.08606
  }
}