{
  "country": "algeria",
  "data": {
    "eco_data": {
      "Temperate Conifer Forests": 0.004072848061661532,
      "Deserts & Xeric Shrublands": 0.848857112180464,
      "Flooded Grasslands & Savannas": 0.006212839091799761,
      "Mediterranean Forests, Woodlands & Scrub": 0.12640852932529914,
      "Tropical & Subtropical Grasslands, Savannas & Shrublands": 0.014448671340775428
    },
    "adm0_code": 4,
    "total_area": 2312183745654.764
  }
}