{
  "country": "angola",
  "data": {
    "eco_data": {
      "Mangroves": 0.0008139740018041831,
      "Deserts & Xeric Shrublands": 0.04701247935872438,
      "Flooded Grasslands & Savannas": 0.04529883796125388,
      "Montane Grasslands & Shrublands": 0.013845924550356279,
      "Tropical & Subtropical Dry Broadleaf Forests": 0.0069859560464796645,
      "Tropical & Subtropical Moist Broadleaf Forests": 0.0019871051039945403,
      "Tropical & Subtropical Grasslands, Savannas & Shrublands": 0.8840557229773871
    },
    "adm0_code": 8,
    "total_area": 1251469073060.8596
  }
}