{
  "country": "anguilla",
  "data": {
    "eco_data": {
      "Tropical & Subtropical Dry Broadleaf Forests": 0.06865258339572095,
      "Deserts & Xeric Shrublands": 0.9313474166042791
    },
    "adm0_code": 9,
    "total_area": 78950792.83356495
  }
}