{
  "country": "antigua and barbuda",
  "data": {
    "eco_data": {
      "Tropical & Subtropical Dry Broadleaf Forests": 0.17049220475150217,
      "Deserts & Xeric Shrublands": 0.7655316153403574,
      "Tropical & Subtropical Moist Broadleaf Forests": 0.06397617990814042
    },
    "adm0_code": 11,
    "total_area": 453942572.04005826
  }
}