{
  "country": "argentina",
  "data": {
    "eco_data": {
      "Tropical & Subtropical Moist Broadleaf Forests": 0.026914940947848538,
      "N/A": 0.0007118153100428592,
      "Temperate Broadleaf & Mixed Forests": 0.026289478335002375,
      "Tropical & Subtropical Grasslands, Savannas & Shrublands": 0.2348370784660659,
      "Temperate Grasslands, Savannas & Shrublands": 0.570076950350996,
      "Flooded Grasslands & Savannas": 0.022973779554614316,
      "Montane Grasslands & Shrublands": 0.11819595703543002
    },
    "adm0_code": 12,
    "total_area": 2780356059628.5845
  }
}