{
  "country": "armenia",
  "data": {
    "eco_data": {
      "Temperate Broadleaf & Mixed Forests": 0.5180309802698309,
      "Temperate Grasslands, Savannas & Shrublands": 0.48191926107556554,
      "Deserts & Xeric Shrublands": 4.9758654603674015e-05
    },
    "adm0_code": 13,
    "total_area": 29590214247.183582
  }
}