{
  "country": "australia",
  "data": {
    "eco_data": {
      "Deserts & Xeric Shrublands": 0.6110133222876449,
      "Mediterranean Forests, Woodlands & Scrub": 0.1376833244244461,
      "Tropical & Subtropical Grasslands, Savannas & Shrublands": 0.24516160677577997,
      "Temperate Broadleaf & Mixed Forests": 0.003385608014717633,
      "Temperate Grasslands, Savannas & Shrublands": 0.0027561384974114267
    },
    "adm0_code": 17,
    "total_area": 5686095096941.811
  }
}