{
  "country": "bangladesh",
  "data": {
    "eco_data": {
      "Mangroves": 0.10757136914848442,
      "Tropical & Subtropical Moist Broadleaf Forests": 0.8914745626136917,
      "Tropical & Subtropical Grasslands, Savannas & Shrublands": 0.0009540682378238831
    },
    "adm0_code": 23,
    "total_area": 140145723014.08524
  }
}