{
  "country": "belize",
  "data": {
    "eco_data": {
      "Mangroves": 0.10190086369044625,
      "Tropical & Subtropical Moist Broadleaf Forests": 0.7678381359983926,
      "Tropical & Subtropical Grasslands, Savannas & Shrublands": 0.13026100031116125
    },
    "adm0_code": 28,
    "total_area": 21836200264.609478
  }
}