{
  "country": "bosnia and herzegovina",
  "data": {
    "eco_data": {
      "Temperate Broadleaf & Mixed Forests": 0.9047621273935434,
      "Mediterranean Forests, Woodlands & Scrub": 0.09523787260645651
    },
    "adm0_code": 34,
    "total_area": 51041598885.023285
  }
}