{
  "country": "botswana",
  "data": {
    "eco_data": {
      "Deserts & Xeric Shrublands": 0.5769328620386858,
      "Flooded Grasslands & Savannas": 0.06664560878457441,
      "Tropical & Subtropical Grasslands, Savannas & Shrublands": 0.3564215291767397
    },
    "adm0_code": 35,
    "total_area": 579739141721.6544
  }
}