{
  "country": "brunei darussalam",
  "data": {
    "eco_data": {
      "Mangroves": 0.02318684887102929,
      "Tropical & Subtropical Moist Broadleaf Forests": 0.9768131511289707
    },
    "adm0_code": 40,
    "total_area": 5924926113.654129
  }
}