{
  "country": "bulgaria",
  "data": {
    "eco_data": {
      "Temperate Broadleaf & Mixed Forests": 0.9934601193639924,
      "Temperate Grasslands, Savannas & Shrublands": 0.00481352020513864,
      "Mediterranean Forests, Woodlands & Scrub": 0.0017263604308690023
    },
    "adm0_code": 41,
    "total_area": 111110970308.8972
  }
}