{
  "country": "cambodia",
  "data": {
    "eco_data": {
      "Mangroves": 0.005868789412471974,
      "Tropical & Subtropical Dry Broadleaf Forests": 0.6506103706031302,
      "Tropical & Subtropical Moist Broadleaf Forests": 0.34352083998439803
    },
    "adm0_code": 44,
    "total_area": 182119783855.32654
  }
}