{
  "country": "cayman islands",
  "data": {
    "eco_data": {
      "Tropical & Subtropical Dry Broadleaf Forests": 0.47712591909990687,
      "Mangroves": 0.522874080900093
    },
    "adm0_code": 48,
    "total_area": 269351398.45873076
  }
}