{
  "country": "chad",
  "data": {
    "eco_data": {
      "Deserts & Xeric Shrublands": 0.32769506250921865,
      "Flooded Grasslands & Savannas": 0.011309036181463391,
      "Tropical & Subtropical Grasslands, Savannas & Shrublands": 0.6609959013093178
    },
    "adm0_code": 50,
    "total_area": 1269286915945.8677
  }
}