{
  "country": "china",
  "data": {
    "eco_data": {
      "N/A": 0.0055968093328566,
      "Temperate Conifer Forests": 0.05590665891195996,
      "Deserts & Xeric Shrublands": 0.1858333174201935,
      "Flooded Grasslands & Savannas": 0.01159454773217079,
      "Montane Grasslands & Shrublands": 0.26274081597994214,
      "Temperate Broadleaf & Mixed Forests": 0.24735829277876892,
      "Temperate Grasslands, Savannas & Shrublands": 0.06821512240187878,
      "Tropical & Subtropical Moist Broadleaf Forests": 0.16272169318250787,
      "Boreal Forests/Taiga": 3.274225972158953e-05
    },
    "adm0_code": 147295,
    "total_area": 9343372231456.578
  }
}