{
  "country": "croatia",
  "data": {
    "eco_data": {
      "Temperate Broadleaf & Mixed Forests": 0.7612778261741251,
      "Mediterranean Forests, Woodlands & Scrub": 0.23872217382587488
    },
    "adm0_code": 62,
    "total_area": 56463221038.573135
  }
}