{
  "country": "djibouti",
  "data": {
    "eco_data": {
      "Deserts & Xeric Shrublands": 0.9857690166920902,
      "Mangroves": 0.014230983307909839
    },
    "adm0_code": 70,
    "total_area": 21755079775.289207
  }
}