{
  "country": "egypt",
  "data": {
    "eco_data": {
      "Deserts & Xeric Shrublands": 0.9233863810294768,
      "Flooded Grasslands & Savannas": 0.07290126904563611,
      "Mediterranean Forests, Woodlands & Scrub": 0.0037123499248871606
    },
    "adm0_code": 40765,
    "total_area": 983930698468.709
  }
}