{
  "country": "equatorial guinea",
  "data": {
    "eco_data": {
      "Mangroves": 0.034168095908128894,
      "Tropical & Subtropical Moist Broadleaf Forests": 0.9658319040918711
    },
    "adm0_code": 76,
    "total_area": 27120859893.665966
  }
}