{
  "country": "eritrea",
  "data": {
    "eco_data": {
      "Deserts & Xeric Shrublands": 0.3888859133039459,
      "Montane Grasslands & Shrublands": 0.18912197153364302,
      "Tropical & Subtropical Grasslands, Savannas & Shrublands": 0.4219921151624111
    },
    "adm0_code": 77,
    "total_area": 121191312369.43394
  }
}