{
  "country": "ethiopia",
  "data": {
    "eco_data": {
      "Deserts & Xeric Shrublands": 0.14107270278331607,
      "Flooded Grasslands & Savannas": 0.008739024007432174,
      "Montane Grasslands & Shrublands": 0.18696312024176387,
      "Tropical & Subtropical Moist Broadleaf Forests": 0.059992332732712234,
      "Tropical & Subtropical Grasslands, Savannas & Shrublands": 0.6032328202347755
    },
    "adm0_code": 79,
    "total_area": 1134011999216.9148
  }
}