{
  "country": "france",
  "data": {
    "eco_data": {
      "Temperate Broadleaf & Mixed Forests": 0.8454332261742601,
      "Mediterranean Forests, Woodlands & Scrub": 0.12172666893645863,
      "Temperate Conifer Forests": 0.03284010488928152
    },
    "adm0_code": 85,
    "total_area": 547375375945.8778
  }
}