{
  "country": "french guiana",
  "data": {
    "eco_data": {
      "Mangroves": 0.025505748712267764,
      "Tropical & Subtropical Moist Broadleaf Forests": 0.9744942512877323
    },
    "adm0_code": 86,
    "total_area": 83663346011.39603
  }
}