{
  "country": "gambia",
  "data": {
    "eco_data": {
      "Mangroves": 0.09479913914692845,
      "Tropical & Subtropical Grasslands, Savannas & Shrublands": 0.9052008608530716
    },
    "adm0_code": 90,
    "total_area": 11244545583.614948
  }
}