{
  "country": "ghana",
  "data": {
    "eco_data": {
      "Mangroves": 0.007108144979921402,
      "Tropical & Subtropical Moist Broadleaf Forests": 0.3312302862238151,
      "Tropical & Subtropical Grasslands, Savannas & Shrublands": 0.6616615687962635
    },
    "adm0_code": 94,
    "total_area": 239849931040.62442
  }
}