{
  "country": "greenland",
  "data": {
    "eco_data": {
      "N/A": 0.7852628261858432,
      "Tundra": 0.21473717381415675
    },
    "adm0_code": 98,
    "total_area": 2148590806562.2148
  }
}