{
  "country": "grenada",
  "data": {
    "eco_data": {
      "Tropical & Subtropical Dry Broadleaf Forests": 0.19872164039228418,
      "Deserts & Xeric Shrublands": 0.07134254705913694,
      "Tropical & Subtropical Moist Broadleaf Forests": 0.7299358125485789
    },
    "adm0_code": 99,
    "total_area": 319547316.4911566
  }
}