{
  "country": "guinea-bissau",
  "data": {
    "eco_data": {
      "Mangroves": 0.2128508043766791,
      "Tropical & Subtropical Grasslands, Savannas & Shrublands": 0.787149195623321
    },
    "adm0_code": 105,
    "total_area": 30860134038.674114
  }
}