{
  "country": "guyana",
  "data": {
    "eco_data": {
      "Tropical & Subtropical Grasslands, Savannas & Shrublands": 0.06405542571830006,
      "Mangroves": 0.0028928677504624226,
      "Tropical & Subtropical Moist Broadleaf Forests": 0.9330517065312375
    },
    "adm0_code": 107,
    "total_area": 212649573678.45352
  }
}