{
  "country": "iceland",
  "data": {
    "eco_data": {
      "Boreal Forests/Taiga": 0.8964692155187148,
      "N/A": 0.1035307844812851
    },
    "adm0_code": 114,
    "total_area": 101897144068.96019
  }
}