{
  "country": "india",
  "data": {
    "eco_data": {
      "N/A": 0.0026552493883793436,
      "Mangroves": 0.0020553212664431763,
      "Temperate Conifer Forests": 0.0020203928893080883,
      "Montane Grasslands & Shrublands": 0.01075287548821517,
      "Temperate Broadleaf & Mixed Forests": 0.012374887086274995,
      "Tropical & Subtropical Coniferous Forests": 0.014041799130931882,
      "Tropical & Subtropical Moist Broadleaf Forests": 0.3732647135596012,
      "Tropical & Subtropical Grasslands, Savannas & Shrublands": 0.0040364571485100075,
      "Tropical & Subtropical Dry Broadleaf Forests": 0.3253791267546119,
      "Flooded Grasslands & Savannas": 0.0032490969406740395,
      "Deserts & Xeric Shrublands": 0.25017008034705
    },
    "adm0_code": 115,
    "total_area": 2968519304079.023
  }
}