{
  "country": "indonesia",
  "data": {
    "eco_data": {
      "Mangroves": 0.025167683936917203,
      "Tropical & Subtropical Coniferous Forests": 0.0014654893873818201,
      "Tropical & Subtropical Dry Broadleaf Forests": 0.035827481509887044,
      "Tropical & Subtropical Moist Broadleaf Forests": 0.9279446974125664,
      "Tropical & Subtropical Grasslands, Savannas & Shrublands": 0.0044108766912956295,
      "Montane Grasslands & Shrublands": 0.005183771061951943
    },
    "adm0_code": 116,
    "total_area": 1896978506212.3499
  }
}