{
  "country": "iraq",
  "data": {
    "eco_data": {
      "Temperate Broadleaf & Mixed Forests": 0.0694416289831935,
      "Temperate Grasslands, Savannas & Shrublands": 0.08663475872344835,
      "Flooded Grasslands & Savannas": 0.06489598301393089,
      "Mediterranean Forests, Woodlands & Scrub": 0.0027109648594573193,
      "Deserts & Xeric Shrublands": 0.7763166644199699
    },
    "adm0_code": 118,
    "total_area": 436097497322.7138
  }
}