{
  "country": "israel",
  "data": {
    "eco_data": {
      "Deserts & Xeric Shrublands": 0.6473840215692837,
      "Mediterranean Forests, Woodlands & Scrub": 0.35246096193931203,
      "Temperate Grasslands, Savannas & Shrublands": 0.00015501649140423705
    },
    "adm0_code": 121,
    "total_area": 20737626622.43536
  }
}