{
  "country": "italy",
  "data": {
    "eco_data": {
      "Mediterranean Forests, Woodlands & Scrub": 0.6260737836406502,
      "Temperate Broadleaf & Mixed Forests": 0.1977758512612026,
      "Temperate Conifer Forests": 0.17615036509814724
    },
    "adm0_code": 122,
    "total_area": 301143661624.51654
  }
}