{
  "country": "jamaica",
  "data": {
    "eco_data": {
      "Tropical & Subtropical Dry Broadleaf Forests": 0.2043511904236378,
      "Mangroves": 0.0364125053680654,
      "Tropical & Subtropical Moist Broadleaf Forests": 0.7592363042082968
    },
    "adm0_code": 123,
    "total_area": 10999566672.438951
  }
}