{
  "country": "japan",
  "data": {
    "eco_data": {
      "Tropical & Subtropical Moist Broadleaf Forests": 0.010080263532865662,
      "Temperate Broadleaf & Mixed Forests": 0.8342106238435126,
      "Temperate Conifer Forests": 0.1557091126236217
    },
    "adm0_code": 126,
    "total_area": 373476547577.58307
  }
}