{
  "country": "jordan",
  "data": {
    "eco_data": {
      "Temperate Grasslands, Savannas & Shrublands": 0.19302615142885043,
      "Mediterranean Forests, Woodlands & Scrub": 0.07701097748874822,
      "Deserts & Xeric Shrublands": 0.7299628710824012
    },
    "adm0_code": 130,
    "total_area": 89142026243.14572
  }
}