{
  "country": "kazakhstan",
  "data": {
    "eco_data": {
      "Temperate Conifer Forests": 0.005528478635494673,
      "Temperate Grasslands, Savannas & Shrublands": 0.407630073586331,
      "Montane Grasslands & Shrublands": 0.015275869481441091,
      "Deserts & Xeric Shrublands": 0.5715655782967333
    },
    "adm0_code": 132,
    "total_area": 2832998271068.861
  }
}