{
  "country": "kenya",
  "data": {
    "eco_data": {
      "Mangroves": 0.0005355157890266935,
      "Flooded Grasslands & Savannas": 0.00020327174136340208,
      "Montane Grasslands & Shrublands": 0.003441194960348231,
      "Tropical & Subtropical Moist Broadleaf Forests": 0.12836871453189738,
      "Tropical & Subtropical Grasslands, Savannas & Shrublands": 0.8674513029773644
    },
    "adm0_code": 133,
    "total_area": 584944399506.2
  }
}