{
  "country": "lesotho",
  "data": {
    "eco_data": {
      "Montane Grasslands & Shrublands": 0.3102709299015722,
      "Tropical & Subtropical Grasslands, Savannas & Shrublands": 0.6897290700984278
    },
    "adm0_code": 142,
    "total_area": 30490434471.933437
  }
}