{
  "country": "liberia",
  "data": {
    "eco_data": {
      "Mangroves": 0.013799404068678486,
      "Tropical & Subtropical Moist Broadleaf Forests": 0.984689785801649,
      "Tropical & Subtropical Grasslands, Savannas & Shrublands": 0.001510810129672538
    },
    "adm0_code": 144,
    "total_area": 96517427286.88129
  }
}