{
  "country": "libya",
  "data": {
    "eco_data": {
      "Deserts & Xeric Shrublands": 0.9594978777985345,
      "Flooded Grasslands & Savannas": 0.0012837980065294736,
      "Mediterranean Forests, Woodlands & Scrub": 0.03921832419493597
    },
    "adm0_code": 145,
    "total_area": 1623903206137.921
  }
}