{
  "country": "liechtenstein",
  "data": {
    "eco_data": {
      "Temperate Broadleaf & Mixed Forests": 0.2781118061445946,
      "Temperate Conifer Forests": 0.7218881938554054
    },
    "adm0_code": 146,
    "total_area": 150535189.52041718
  }
}