{
  "country": "mali",
  "data": {
    "eco_data": {
      "Deserts & Xeric Shrublands": 0.34092219019513875,
      "Flooded Grasslands & Savannas": 0.036662574499843066,
      "Tropical & Subtropical Grasslands, Savannas & Shrublands": 0.6224152353050182
    },
    "adm0_code": 155,
    "total_area": 1255498309712.6292
  }
}