{
  "country": "martinique",
  "data": {
    "eco_data": {
      "Tropical & Subtropical Dry Broadleaf Forests": 0.07440370379207815,
      "Deserts & Xeric Shrublands": 0.21889804266279167,
      "Mangroves": 0.030073980321207772,
      "Tropical & Subtropical Moist Broadleaf Forests": 0.6766242732239224
    },
    "adm0_code": 158,
    "total_area": 1107593569.2414763
  }
}