{
  "country": "moldova, republic of",
  "data": {
    "eco_data": {
      "Temperate Broadleaf & Mixed Forests": 0.7743736419859699,
      "Temperate Grasslands, Savannas & Shrublands": 0.22562635801403005
    },
    "adm0_code": 165,
    "total_area": 33705824933.658813
  }
}