{
  "country": "mongolia",
  "data": {
    "eco_data": {
      "Deserts & Xeric Shrublands": 0.4497957500946382,
      "Temperate Grasslands, Savannas & Shrublands": 0.3872177069195745,
      "Temperate Conifer Forests": 0.08433737222331637,
      "Boreal Forests/Taiga": 0.024361879843521398,
      "Montane Grasslands & Shrublands": 0.05428729091894939
    },
    "adm0_code": 167,
    "total_area": 1560435557822.3833
  }
}