{
  "country": "montenegro",
  "data": {
    "eco_data": {
      "Temperate Broadleaf & Mixed Forests": 0.6992398344109948,
      "Mediterranean Forests, Woodlands & Scrub": 0.30076016558900526
    },
    "adm0_code": 2647,
    "total_area": 13752487994.667793
  }
}