{
  "country": "mozambique",
  "data": {
    "eco_data": {
      "Mangroves": 0.00012463593472284638,
      "Flooded Grasslands & Savannas": 0.025979352380063676,
      "Montane Grasslands & Shrublands": 0.0024380900265044856,
      "Tropical & Subtropical Moist Broadleaf Forests": 0.19404449880190155,
      "Tropical & Subtropical Grasslands, Savannas & Shrublands": 0.7774134228568074
    },
    "adm0_code": 170,
    "total_area": 789875663691.1367
  }
}