{
  "country": "myanmar",
  "data": {
    "eco_data": {
      "Mangroves": 0.023934108708813778,
      "Temperate Conifer Forests": 0.006781912042854575,
      "Montane Grasslands & Shrublands": 0.007861970001039149,
      "Temperate Broadleaf & Mixed Forests": 0.016178867701917753,
      "Tropical & Subtropical Coniferous Forests": 4.396419127500305e-05,
      "Tropical & Subtropical Dry Broadleaf Forests": 0.052595021018705314,
      "Tropical & Subtropical Moist Broadleaf Forests": 0.8926041563353945
    },
    "adm0_code": 171,
    "total_area": 668896539741.082
  }
}