{
  "country": "namibia",
  "data": {
    "eco_data": {
      "Deserts & Xeric Shrublands": 0.6091393677271475,
      "Flooded Grasslands & Savannas": 0.014347704408449648,
      "Tropical & Subtropical Grasslands, Savannas & Shrublands": 0.3765129278644027
    },
    "adm0_code": 172,
    "total_area": 826104611696.7545
  }
}