{
  "country": "nepal",
  "data": {
    "eco_data": {
      "N/A": 0.04571368362588272,
      "Temperate Conifer Forests": 0.11588607880467452,
      "Montane Grasslands & Shrublands": 0.20362523710100258,
      "Temperate Broadleaf & Mixed Forests": 0.1363601430884338,
      "Tropical & Subtropical Coniferous Forests": 0.15422722563367577,
      "Tropical & Subtropical Moist Broadleaf Forests": 0.19252557607361398,
      "Tropical & Subtropical Grasslands, Savannas & Shrublands": 0.1516620556727165
    },
    "adm0_code": 175,
    "total_area": 147655162044.6641
  }
}