{
  "country": "new caledonia",
  "data": {
    "eco_data": {
      "Tropical & Subtropical Dry Broadleaf Forests": 0.21816462334491213,
      "Tropical & Subtropical Moist Broadleaf Forests": 0.7818353766550878
    },
    "adm0_code": 178,
    "total_area": 18624897768.38188
  }
}