{
  "country": "nigeria",
  "data": {
    "eco_data": {
      "Mangroves": 0.01830267845519476,
      "Flooded Grasslands & Savannas": 0.010171347603175238,
      "Montane Grasslands & Shrublands": 0.014613731139600716,
      "Tropical & Subtropical Moist Broadleaf Forests": 0.1390576109002867,
      "Tropical & Subtropical Grasslands, Savannas & Shrublands": 0.8178546319017426
    },
    "adm0_code": 182,
    "total_area": 912702123720.3276
  }
}