{
  "country": "norway",
  "data": {
    "eco_data": {
      "Temperate Broadleaf & Mixed Forests": 0.028681318203847797,
      "Temperate Conifer Forests": 0.05362845922331463,
      "Boreal Forests/Taiga": 0.31381367027768386,
      "Tundra": 0.6038765522951537
    },
    "adm0_code": 186,
    "total_area": 322226477204.6764
  }
}