{
  "country": "pakistan",
  "data": {
    "eco_data": {
      "N/A": 0.0019097363873272618,
      "Tropical & Subtropical Coniferous Forests": 0.011112038644130615,
      "Tropical & Subtropical Moist Broadleaf Forests": 1.4091195035372573e-05,
      "Temperate Broadleaf & Mixed Forests": 0.0032536290423882297,
      "Temperate Conifer Forests": 0.029936739324976286,
      "Flooded Grasslands & Savannas": 0.00015446735230194005,
      "Montane Grasslands & Shrublands": 0.0593843845823433,
      "Deserts & Xeric Shrublands": 0.8925144406846626,
      "Mangroves": 0.001720472786834527
    },
    "adm0_code": 188,
    "total_area": 789414634258.4172
  }
}