{
  "country": "panama",
  "data": {
    "eco_data": {
      "Mangroves": 0.045107942022027045,
      "Tropical & Subtropical Dry Broadleaf Forests": 0.0684922352606601,
      "Tropical & Subtropical Moist Broadleaf Forests": 0.8863998227173129
    },
    "adm0_code": 191,
    "total_area": 75164045584.68478
  }
}