{
  "country": "peru",
  "data": {
    "eco_data": {
      "Tropical & Subtropical Dry Broadleaf Forests": 0.02967097276935729,
      "Tropical & Subtropical Grasslands, Savannas & Shrublands": 7.892157997933317e-10,
      "Montane Grasslands & Shrublands": 0.13852589562670511,
      "Deserts & Xeric Shrublands": 0.14133578141896677,
      "Mangroves": 0.00025651066239015905,
      "Tropical & Subtropical Moist Broadleaf Forests": 0.6902108387333649
    },
    "adm0_code": 195,
    "total_area": 1295901436894.7092
  }
}