{
  "country": "philippines",
  "data": {
    "eco_data": {
      "Tropical & Subtropical Coniferous Forests": 0.024098865941950633,
      "Tropical & Subtropical Moist Broadleaf Forests": 0.9759011340580495
    },
    "adm0_code": 196,
    "total_area": 297181014462.8923
  }
}