{
  "country": "portugal",
  "data": {
    "eco_data": {
      "Temperate Broadleaf & Mixed Forests": 0.167783320619732,
      "Mediterranean Forests, Woodlands & Scrub": 0.832216679380268
    },
    "adm0_code": 199,
    "total_area": 88662994472.36713
  }
}