{
  "country": "qatar",
  "data": {
    "eco_data": {
      "Deserts & Xeric Shrublands": 0.9995959179821106,
      "Mangroves": 0.00040408201788946476
    },
    "adm0_code": 201,
    "total_area": 11572454403.817972
  }
}