{
  "country": "romania",
  "data": {
    "eco_data": {
      "Temperate Broadleaf & Mixed Forests": 0.6704047392578533,
      "Temperate Conifer Forests": 0.22557146059999372,
      "Temperate Grasslands, Savannas & Shrublands": 0.10402380014215293
    },
    "adm0_code": 203,
    "total_area": 237542902682.56607
  }
}