{
  "country": "russian federation",
  "data": {
    "eco_data": {
      "Temperate Broadleaf & Mixed Forests": 0.10091458051730977,
      "Temperate Grasslands, Savannas & Shrublands": 0.08948247697897382,
      "Temperate Conifer Forests": 0.02642597186055752,
      "Boreal Forests/Taiga": 0.5460180621757601,
      "Flooded Grasslands & Savannas": 0.0052835141271827205,
      "Montane Grasslands & Shrublands": 0.0051781007228904824,
      "Tundra": 0.22021615152303053,
      "Deserts & Xeric Shrublands": 0.006481142094295093
    },
    "adm0_code": 204,
    "total_area": 16904922202101.676
  }
}