{
  "country": "saint kitts and nevis",
  "data": {
    "eco_data": {
      "Deserts & Xeric Shrublands": 0.05136910108949901,
      "Mangroves": 0.702374933753626,
      "Tropical & Subtropical Moist Broadleaf Forests": 0.246255965156875
    },
    "adm0_code": 208,
    "total_area": 263322478.5427411
  }
}