{
  "country": "saudi arabia",
  "data": {
    "eco_data": {
      "Deserts & Xeric Shrublands": 0.9926162086323749,
      "Tropical & Subtropical Grasslands, Savannas & Shrublands": 0.006564734250468535,
      "Mediterranean Forests, Woodlands & Scrub": 0.0008007259950565086,
      "Mangroves": 1.8331122100280737e-05
    },
    "adm0_code": 215,
    "total_area": 1929788016705.488
  }
}