{
  "country": "senegal",
  "data": {
    "eco_data": {
      "Mangroves": 0.006237685224704845,
      "Tropical & Subtropical Grasslands, Savannas & Shrublands": 0.9937623147752951
    },
    "adm0_code": 217,
    "total_area": 196918362372.52682
  }
}