{
  "country": "slovakia",
  "data": {
    "eco_data": {
      "Temperate Broadleaf & Mixed Forests": 0.6424650393471337,
      "Temperate Conifer Forests": 0.3575349606528662
    },
    "adm0_code": 223,
    "total_area": 48920481879.86495
  }
}