{
  "country": "south sudan",
  "data": {
    "eco_data": {
      "Flooded Grasslands & Savannas": 0.28258940032802393,
      "Tropical & Subtropical Moist Broadleaf Forests": 0.007631148572096296,
      "Tropical & Subtropical Grasslands, Savannas & Shrublands": 0.7097794510998797
    },
    "adm0_code": 74,
    "total_area": 632504399959.2705
  }
}