{
  "country": "south africa",
  "data": {
    "eco_data": {
      "Mangroves": 0.0007013829676080553,
      "Deserts & Xeric Shrublands": 0.4335426380457696,
      "Montane Grasslands & Shrublands": 0.1871414455152843,
      "Mediterranean Forests, Woodlands & Scrub": 0.09727370700933545,
      "Tropical & Subtropical Moist Broadleaf Forests": 0.018116061412109034,
      "Tropical & Subtropical Grasslands, Savannas & Shrublands": 0.26298600201339695,
      "Tundra": 0.0002387630364967745
    },
    "adm0_code": 227,
    "total_area": 1221747722634.8857
  }
}