{
  "country": "spain",
  "data": {
    "eco_data": {
      "Temperate Broadleaf & Mixed Forests": 0.14830061782613405,
      "Mediterranean Forests, Woodlands & Scrub": 0.8516993821738661
    },
    "adm0_code": 229,
    "total_area": 505195600339.94214
  }
}