{
  "country": "sri lanka",
  "data": {
    "eco_data": {
      "Tropical & Subtropical Dry Broadleaf Forests": 0.7280886543735766,
      "Deserts & Xeric Shrublands": 0.03568621873560198,
      "Tropical & Subtropical Moist Broadleaf Forests": 0.23622512689082148
    },
    "adm0_code": 231,
    "total_area": 66454008501.269295
  }
}