{
  "country": "sudan",
  "data": {
    "eco_data": {
      "Deserts & Xeric Shrublands": 0.289198847765705,
      "Montane Grasslands & Shrublands": 0.0017268512634314984,
      "Tropical & Subtropical Grasslands, Savannas & Shrublands": 0.7090743009708635
    },
    "adm0_code": 6,
    "total_area": 1849381056866.3572
  }
}