{
  "country": "sweden",
  "data": {
    "eco_data": {
      "Temperate Broadleaf & Mixed Forests": 0.29253815509690356,
      "Boreal Forests/Taiga": 0.5927400923102293,
      "Tundra": 0.11472175259286724
    },
    "adm0_code": 236,
    "total_area": 446509613383.09094
  }
}