{
  "country": "tajikistan",
  "data": {
    "eco_data": {
      "N/A": 0.053284087033524406,
      "Temperate Grasslands, Savannas & Shrublands": 0.46341706610804956,
      "Montane Grasslands & Shrublands": 0.4550344283360958,
      "Deserts & Xeric Shrublands": 0.028264418522330473
    },
    "adm0_code": 239,
    "total_area": 141901550697.5768
  }
}