{
  "country": "togo",
  "data": {
    "eco_data": {
      "Tropical & Subtropical Moist Broadleaf Forests": 0.11030262415162449,
      "Tropical & Subtropical Grasslands, Savannas & Shrublands": 0.8896973758483754
    },
    "adm0_code": 243,
    "total_area": 57004323044.576256
  }
}