{
  "country": "united arab emirates",
  "data": {
    "eco_data": {
      "Temperate Grasslands, Savannas & Shrublands": 0.04790039258157864,
      "Deserts & Xeric Shrublands": 0.9515686640644151,
      "Mangroves": 0.0005309433540060859
    },
    "adm0_code": 255,
    "total_area": 71354172682.4485
  }
}