{
  "country": "united states of america",
  "data": {
    "eco_data": {
      "Tropical & Subtropical Dry Broadleaf Forests": 0.0011663698532173392,
      "Tropical & Subtropical Coniferous Forests": 0.0009095119770391238,
      "Temperate Broadleaf & Mixed Forests": 0.00041984518316024523,
      "Temperate Conifer Forests": 0.18349905575578002,
      "Boreal Forests/Taiga": 0.0878963765438944,
      "Tropical & Subtropical Grasslands, Savannas & Shrublands": 0.0016067462528734245,
      "Temperate Grasslands, Savannas & Shrublands": 0.2877289363008309,
      "N/A": 0.004971233472532425,
      "Tundra": 0.16092130847795788,
      "Mediterranean Forests, Woodlands & Scrub": 0.020128495746661552,
      "Deserts & Xeric Shrublands": 0.24956598978759262,
      "Tropical & Subtropical Moist Broadleaf Forests": 0.0011861306484597068
    },
    "adm0_code": 259,
    "total_area": 5642948232953.484
  }
}