{
  "country": "uruguay",
  "data": {
    "eco_data": {
      "Tropical & Subtropical Moist Broadleaf Forests": 1.2843493328166402e-05,
      "Tropical & Subtropical Grasslands, Savannas & Shrublands": 0.9988745957740889,
      "Temperate Grasslands, Savannas & Shrublands": 0.0011040865733030483,
      "Flooded Grasslands & Savannas": 8.474159279911931e-06
    },
    "adm0_code": 260,
    "total_area": 177908959685.34137
  }
}