{
  "country": "viet nam",
  "data": {
    "eco_data": {
      "Mangroves": 0.0522582659479291,
      "Tropical & Subtropical Dry Broadleaf Forests": 0.28033729779576494,
      "Tropical & Subtropical Moist Broadleaf Forests": 0.6674044362563059
    },
    "adm0_code": 264,
    "total_area": 328665842622.8757
  }
}