{
  "country": "western sahara",
  "data": {
    "eco_data": {
      "Deserts & Xeric Shrublands": 0.9912092605532324,
      "Flooded Grasslands & Savannas": 0.0013188128252909275,
      "Mediterranean Forests, Woodlands & Scrub": 0.007471926621476587
    },
    "adm0_code": 268,
    "total_area": 269192725929.99182
  }
}