{
  "country": "zambia",
  "data": {
    "eco_data": {
      "Flooded Grasslands & Savannas": 0.10684316924495606,
      "Montane Grasslands & Shrublands": 0.00015350100892669047,
      "Tropical & Subtropical Dry Broadleaf Forests": 0.030688553773326827,
      "Tropical & Subtropical Grasslands, Savannas & Shrublands": 0.8623147759727906
    },
    "adm0_code": 270,
    "total_area": 753878586251.7435
  }
}